{"cameraMode":{"drawMode":0,"name":"Shaded","section":"Shading Mode"},"sceneLighting":true,"audioPlay":false,"sceneViewState":{"m_AlwaysRefresh":false,"showFog":true,"showSkybox":true,"showFlares":true,"showImageEffects":true,"showParticleSystems":true,"showVisualEffectGraphs":true,"m_FxEnabled":true},"in2DMode":false,"pivot":{"x":3.0797197818756105,"y":18.617780685424806,"z":110.4339828491211},"rotation":{"x":0.0018746033310890198,"y":0.9933276176452637,"z":-0.11432874947786331,"w":0.01579609327018261},"size":37.738525390625,"orthographic":false}